{
  "val_accuracy": 0.48876404762268066,
  "val_auc": 0.5876392722129822,
  "total_audio": 4447,
  "input_shape": [
    128,
    216,
    1
  ]
}